Position_in_protein	Normalized_Entropy
1	0.46276
2	0.46276
3	0.46276
4	0.23138
5	0.34707
6	0.46276
7	0.46276
8	0.55979
9	0.57920
10	0.50837
11	0.65835
12	0.67423
13	0.25354
14	0.40745
15	0.50000
16	0.61628
17	0.41474
18	0.41474
19	0.52098
20	0.52098
21	0.59810
22	0.40554
23	0.61628
24	0.37418
25	0.61628
26	0.54802
27	0.67607
28	0.55834
29	0.43213
30	0.65835
31	0.50039
32	0.51627
33	0.45124
34	0.45372
35	0.56605
36	0.56605
37	0.31721
38	0.44469
39	0.36348
40	0.54859
41	0.43857
42	0.56605
43	0.61233
44	0.55834
45	0.54802
46	0.42495
47	0.55979
48	0.55624
49	0.71630
50	0.67423
51	0.68208
52	0.73651
53	0.48497
54	0.78364
55	0.75612
56	0.71702
57	0.64167
58	0.63161
59	0.62883
60	0.45038
61	0.59520
62	0.12631
63	0.80104
64	0.13730
65	0.34395
66	0.61765
67	0.04148
68	0.00000
69	0.26459
70	0.67855
71	0.46399
72	0.47353
73	0.76904
74	0.71349
75	0.54096
76	0.81492
77	0.88223
78	0.66801
79	0.80174
80	0.72001
81	0.79291
82	0.80619
83	0.44469
84	0.31721
85	0.31721
86	0.44469
87	0.44469
88	0.31283
89	0.64262
90	0.64957
91	0.52934
92	0.62919
93	0.71381
94	0.74691
95	0.57576
96	0.57845
97	0.49877
98	0.57845
99	0.60040
100	0.58352
101	0.67423
102	0.62827
103	0.71053
104	0.68305
105	0.57987
106	0.79596
107	0.81583
108	0.67429
109	0.75651
110	0.74888
111	0.59009
112	0.46972
113	0.40976
114	0.62979
115	0.80278
116	0.81197
117	0.68694
118	0.69536
119	0.60836
120	0.61884
121	0.82616
122	0.77281
123	0.78687
124	0.80845
125	0.67644
126	0.72643
127	0.55850
128	0.55624
129	0.66473
130	0.63720
131	0.74946
132	0.71276
133	0.70122
134	0.73460
135	0.63667
136	0.52772
137	0.73013
138	0.70453
139	0.62010
140	0.70319
141	0.64552
142	0.78057
143	0.68173
144	0.79941
145	0.54593
146	0.68562
147	0.73793
148	0.71753
149	0.77776
150	0.81015
151	0.59547
152	0.59359
153	0.40554
154	0.47636
155	0.34707
156	0.18771
157	0.36673
158	0.21247
159	0.23138
160	0.21247
161	0.21247
162	0.36673
163	0.36673
164	0.36673
165	0.74878
166	0.60184
167	0.60498
168	0.76231
169	0.73486
170	0.61628
171	0.59822
172	0.81721
173	0.62974
174	0.61523
175	0.69049
176	0.74941
177	0.59155
178	0.51417
179	0.53724
180	0.59359
181	0.77750
182	0.44469
183	0.23138
184	0.23138
185	0.00000
186	0.23138
187	0.46276
188	0.46276
189	0.34707
190	0.34707
191	0.46276
192	0.46276
193	0.21247
194	0.65678
195	0.69929
196	0.74062
197	0.59098
198	0.71500
199	0.64662
200	0.52098
201	0.68372
202	0.44584
203	0.68283
204	0.57920
205	0.40554
206	0.65430
207	0.57743
208	0.71381
209	0.66755
